"Id";"Code Barre";"Type de pièce";"Marque";"Référence constructeur";"Code absolu darty/ SDS";"Modèle ou chassis";"Etat actuel de la pièce";"Localisation";"Commentaire"
394;"0000016641";"91";"8";"481010438414";"0380180";"NC";"Non contrôlée";"Zone 2 D07";"Prix conseillé aswo 135"
408;"0000022637";"27";"40";"34421622";"3424274";"NC";"Non contrôlée";"Zone 2 D07";
334;"0000030868";"111";"15";"34010639";"3314626";"TW814EU";"Non contrôlée";"Zone 2 B03";
331;"0000034574";"111";"6";"DC9406279A";"3428098";"FWMUUNIF500E";"Non contrôlée";"Zone 2 B03";
372;"0000035533";"94";"2";"12011298";"0305210";;"Non contrôlée";"Zone 2 D02";
164;"0000053778";"79";"2";"00656659";"0308926";"HB";"HS";"Zone 2 C05";"Alim ventilo en CC"
83;"0000065231";"93";"3";"8077075052";"0434403";"94406603702-94406658801";"HS";"Zone 2 C06";"resistance cms hs"
374;"0000070217";"93";"2";"00791293";"2109632";;"Non contrôlée";"Zone 2 D02";"Prix conseillé aswo 121,72"
259;"0000071832";"93";"13";"AS6014997";"0419117";"HERAKLES";"Non contrôlée";"Zone 2 A01";"Soudure sur relais HS"
476;"0000072349";"93";"6";"DA92-00813E";"3457799";;"Non contrôlée";"Zone 2 B02";"Prix conseillé aswo 96,80"
460;"0000079920";"111";"6";"DC94-06270A";"0514360";;"Non contrôlée";"Zone 2 B03";"Plus dispo sur aswo"
406;"0000088957";"111";"46";"49037268";"3430952";"NC";"Non contrôlée";"Zone 2 D07";
335;"0000103077";"111";"16";"34060202";"3423321";"MSC70EBDI";"Non contrôlée";"Zone 2 B03";
88;"0000104155";"38";"42";"46002826";"0021857";"31001331-31018946";"Neuve";"Zone 2 C06";
85;"0000129167";"11";"2";"00755078";"1970550";"3V300NP329-VVD25A20EU46";"Non contrôlée";"Zone 2 C06";"Ne chauffe pas mais peut être pas le bon chassis lors du rpdfo"
165;"0000140434";"73";"2";"12005744";"2444022";"GV640";"Neuve";"Zone 2 C05";
166;"0000154197";"91";"8";"481010438414";"0380180";"AWA";"HS";"Zone 2 C07";"Ne s'allume pas"
71;"0000173710";"91";"3";"8078222315";"2153517";"EWT1260ES";"Non contrôlée";"Zone 2 C01";"Mleto Faure  Symptôme : Rajoute 1h30"
438;"0000322102";"91";"3";"140000406334";"2317819";"NC";"Non contrôlée";"Zone 2 D08";"MLV Electrolux, afficheur scintille. Prix conseillé aswo 140,24"
473;"0000325961";"7";"6";"BN94-10711A";"3420942";;"Non contrôlée";"Zone 2 B02";"Prix conseillé aswo 88,31"
480;"0000331539";"91";"3";"2425850035";"0878252";;"Non contrôlée";"Zone 2 B02";"Plus dispo chez aswo"
380;"0000365907";"79";"3";"8077075052";"0434403";"NC";"Non contrôlée";"Zone 2 D01";"Code erreur F9 08. Prix conseillé aswo 162,28"
401;"0000367248";"93";"13";"AS0020703";"0492809";"HERACLES";"Non contrôlée";"Zone 2 D07";"Héraclès, D12, Problème de sonde. Prix conseillé aswo 199,04"
167;"0000371733";"79";"8";"481010789760";"3374094";"DOMINO";"HS";"Zone 2 C07";"Ne s'allume plus, pas la meme panne que d'habitude"
373;"0000385374";"49";"6";"DA97-11092A";"0310133";;"Contrôlée OK";"Zone 2 D02";"Pièce ok mais rappel de parc Samsung (modif constructeur). Prix conseillé aswo 121,76"
134;"0000387758";"116";"11";"7438604";"3429724";"CBNBS";"Neuve";"Zone 2 C04";
293;"0000404629";"93";"8";"C00260750";"0266457";"34363700300 - 81819040100";"Non contrôlée";"Zone 2 A02";
168;"0000411808";"57";"2";"12005776";"0280568";"GV640";"Neuve";"Zone 2 C05";
169;"0000413303";"79";"13";"AS0007977";"0361001";"BFL0332BW1-TIF2372BW1";"Non contrôlée";"Zone 2 C06";"Alim HS"
388;"0000429136";"11";"13";"AS0033454";"2288912";"NC";"Neuve";"Zone 2 D03";"Prix conseillé aswo 120,79"
170;"0000431853";"8";"2";"00631199";"2104349";"GV640";"Contrôlée OK";"Zone 2 C05";"Vanne d'évacuation"
42;"0000441491";"111";"41";"20751363";"3428808";"NC";"Non contrôlée";"Zone 2 C03";"Puissance + afficheur"
329;"0000442021";"91";"3";"1366100301";"0495614";"91609667500 - 91609825100";"Non contrôlée";"Zone 2 B01";
44;"0000449034";"94";"8";"C00505636";"3423427";"DEA701";"Contrôlée OK";"Zone 2 C03";"Defaut de prog planté par ses soins merci calou  F09"
115;"0000456002";"6";"3";"1327320204";"0502501";"FWG6122K";"Neuve";"Zone 2 C02";
413;"0000456209";"111";"41";"20751363";"3428808";"NC";"Non contrôlée";"Zone 2 D07";"Prix conseillé aswo 95,04"
348;"0000601967";"93";"3";"5028917008";"0142478";"NC";"Non contrôlée";"Zone 2 D01";
66;"0000607977";"92";"3";"3792723136";"0936414";"NC";"Non contrôlée";"Zone 2 C01";
402;"0000610189";"93";"8";"480121103254";"0959726";"NC";"Non contrôlée";"Zone 2 D07";"Prix conseillé aswo 180,52"
52;"0000610400";"93";"8";"480111104634";"0271144";"NC";"HS";"Zone 2 C01";"Symtpome: ne s'allume pas"
267;"0000613914";"46";"46";"41032965";"0345725";;"Non contrôlée";"Zone 2 C02";
467;"0000619193";"5";"28";"MT58013";"3588609";;"Non contrôlée";"Zone 2 B02";"Mode service toujours affiché. Prix conseillé aswo 199,72"
371;"0000619413";"29";"2";"12024148";"3631380";;"Contrôlée OK";"Zone 2 D02";"Prix conseillé aswo 89,03"
352;"0000619869";"91";"3";"916096918(01)";"0495614";"NC";"Non contrôlée";"Zone 2 D01";
377;"0000622708";"46";"2";"00170961";"0010556";"NC";"Neuve";"Zone 2 D02";"Sonde CTN. Prix aswo conseillé 20,83"
392;"0000626097";"93";"8";"C00514243";"3589607";"NC";"Non contrôlée";"Zone 2 D07";
264;"0001894854";"111";"13";"57X3347";"0311114";"WTD6384";"HS";"Zone 2 A01";"Mles .circuit intégré U13 flashé"
253;"0001899043";"94";"13";"AS0040212";"3424763";;"Contrôlée OK";"Zone 2 A01";"Fonctionne mais rétro éclairage faible"
27;"0001900981";"93";"3";"1113322414";"0368457";"F65086VI";"Non contrôlée";"Zone 2 C03";"mlv"
30;"0001902351";"91";"8";"481010438414";"0380180";"NC";"Non contrôlée";"Zone 2 C03";
269;"0001909308";"46";"11";"9590206";"0055523";"AGG600PI";"Neuve";"Zone 2 C04";"Kit sonde"
405;"0002342377";"93";"46";"49035031";"3424636";"NC";"Non contrôlée";"Zone 2 D07";"Carte de puissance + pressostat"
196;"0002347438";"80";"8";"481010759445";"3331353";"NC";"Non contrôlée";"Zone 2 C07";"Sèche linge"
45;"0002356260";"92";"8";"C00505636";"3423427";"DEA701";"Contrôlée OK";"Zone 2 C03";"PB reprog"
64;"0002359174";"94";"2";"11015616";"2443787";"NC";"HS";"Zone 2 C01";
197;"0002359382";"79";"2";"00743070";"0493073";"NC";"HS";"Zone 2 C05";"Ne s'allume plus. Lave linge"
311;"0002359457";"111";"13";"AS0024165";"1739939";"6U1LBTFFI - 6U1LBTFFN";"Non contrôlée";"Zone 2 B01";"WTD8384SF"
355;"0002360660";"91";"3";"1380024503";"2317774";;"Non contrôlée";"Zone 2 D01";"Se met à clignoter de temps en temps"
416;"0002363375";"93";"1";"1739130361";"3370113";"NC";"Non contrôlée";"Zone 2 D07";"Départ/pause HS. Prix conseillé aswo 60,78"
35;"0002369406";"94";"40";"34030168";"3424709";"SIDEPAR";"Non contrôlée";"Zone 2 C03";
77;"0002383544";"93";"40";"34421690";"3429901";"3663003667983-36630042127171";"Non contrôlée";"Zone 2 C06";"TDW6067BK"
368;"0002383697";"11";"2";"12019637";"NC";"GV640";"Non contrôlée";"Zone 2 D02";"Prix conseillé aswo 88,80 RESISTANCE COUPé"
263;"0002400893";"93";"13";"AS0061347";"4485305";"SOP";"Non contrôlée";"Zone 2 A01";
422;"0002410075";"93";"13";"AS0057769";"3425590";;"Non contrôlée";"Zone 2 D05";"Piste coupée"
198;"0002415466";"79";"8";"480121103255";"0367436";"TCV";"Non contrôlée";"Zone 2 C07";
46;"0002419642";"111";"40";"34010915";"3430049";"NC";"Non contrôlée";"Zone 2 C03";
468;"0002426539";"7";"33";"H844167";"3589457";;"Non contrôlée";"Zone 2 B02";"Hisense H50NEC5200. S'allume et s'éteint plusieurs fois, intermittent. Prix conseillé aswo 58,34"
325;"0002428557";"94";"16";"34050392";"0375330";"IH680P-U - T4IND";"Non contrôlée";"Zone 2 B01";
312;"0002429089";"94";"6";"DC9202048F";"4106509";;"Non contrôlée";"Zone 2 B01";
426;"0002430594";"91";"3";"140011633827";"3376358";;"Non contrôlée";"Zone 2 D05";
65;"0002434015";"93";"8";"C00505636";"3423427";"DEA701";"Non contrôlée";"Zone 2 C01";
479;"0002445564";"41";"4";"4681JB1029H";"0346118";;"Non contrôlée";"Zone 2 B02";"Plus dispo chez aswo"
39;"0002452296";"79";"42";"49031502";"3588454";"NC";"Non contrôlée";"Zone 2 C03";
133;"0002454012";"73";"6";"DA6204151B";"3480690";"RTRB";"Neuve";"Zone 2 C02";
135;"0002454885";"93";"18";"816292759";"0398878";"SE995XR";"Neuve";"Zone 2 C02";"Un segment manquant"
353;"0002460522";"91";"3";"1256678424";"0292021";"NC";"Non contrôlée";"Zone 2 D01";
376;"0002463543";"80";"2";"00740282";"0499028";;"Non contrôlée";"Zone 2 D02";"Très très sale selon Delphine. Prix conseillé aswo 109,81"
286;"0002480125";"111";"40";"77040509";"3457681";"3260449040785";"Non contrôlée";"Zone 2 A01";"Carte de puissance et afficheur dans même sachet"
62;"0002481742";"93";"44";"0061800067A";"0563767";"NC";"Non contrôlée";"Zone 2 C01";"Froid"
318;"0002481961";"91";"3";"1366100301";"0495616";"91609667500 - 91609825100";"Non contrôlée";"Zone 2 B01";
314;"0002483583";"91";"8";"481010438414";"0380180";"759322184015 - 859399929035";"HS";"Zone 2 B01";"F06. Problème moteur aléatoire"
315;"0002483609";"91";"8";"481010438414";"0380180";"759322184015 - 859399929035";"Non contrôlée";"Zone 2 B01";"Mleto AWE 8779"
385;"0002487304";"11";"40";"34421636";"3601476";"NC";"Non contrôlée";"Zone 2 D03";
428;"0002494774";"93";"3";"140028861239";"3672117";;"Non contrôlée";"Zone 2 D05";
199;"0002494944";"99";"2";"00651615";"0740030";;"Neuve";"Zone 2 C05";"Sèche linge      sortie pour inter le 17/12/24 Yves Rocher"
148;"0002496422";"93";"8";"C00505636";"3423427";"DEA701";"Non contrôlée";"Zone 2 C08";
145;"0002516079";"111";"4";"EBR74121322";"2228564";;"Non contrôlée";"Zone 2 C08";"CARTE DE COMMANDE UNIQUEMENT"
472;"0002534221";"5";"6";"BN94-12007Y";"3513776";;"Non contrôlée";"Zone 2 B02";"Plus dispo chez aswo"
471;"0002540087";"7";"33";"H844167";"3589457";;"Non contrôlée";"Zone 2 B02";"S'éteint en cours. Prix conseillé aswo 58,34"
436;"0002542435";"111";"6";"DC94-06480B";"3419669";"NC";"Non contrôlée";"Zone 2 D08";"Ne s'allume plus, MLE SAMSUNG WW90K6414QW. Prix conseillé aswo 160,92"
136;"0002544992";"46";"44";"0070400433";"0573174";;"Neuve";"Zone 2 C02";"Sonde de dégivrage"
316;"0002553045";"79";"3";"8077075052";"0434403";"94406603702 - 94406658801";"Non contrôlée";"Zone 2 B01";
98;"0002556175";"93";"6";"DC92-01928H";"4140209";"WD5500K";"Non contrôlée";"Zone 2 C06";"Eco bubble"
322;"0002558688";"93";"6";"DD9700542B";"4204220";"DW60M9550FSEF";"HS";"Zone 2 B01";"Mlv samsung 2019. Bras waterwall bouge même porte ouverte."
427;"0003490436";"93";"1";"2963281405";"1505323";;"Non contrôlée";"Zone 2 D05";"Prix conseillé aswo 70,22"
336;"0003491720";"111";"3";"92702715";"1110467";;"Non contrôlée";"Zone 2 D01";"Carte non configurée"
414;"0003505358";"90";"6";"DC62-00233B";"3160248";"NC";"Neuve";"Zone 2 D07";"Prix conseillé aswo 58,49"
230;"0003508926";"90";"6";"DC62-00024M";"0491021";"ECO BUBBLE";"Neuve";"Zone 2 C08";
147;"0003534283";"91";"8";"480140102001";"0366240";"NC";"Non contrôlée";"Zone 2 C08";
200;"0003543937";"6";"27";"11025000";"0122232";"G1230";"Non contrôlée";"Zone 2 C04";"Déjà utilisée mais a l'air bonne"
455;"0003552924";"111";"23";"C00278912";"0383317";;"Non contrôlée";"Zone 2 D02";"TCI. Prix conseillé aswo 286,51"
81;"0003555843";"95";"3";"1086780010";"0493059";"91310146400-91609825100";"Non contrôlée";"Zone 2 C06";"Selecteur"
201;"0003557275";"80";"2";"11009159";"3530656";"NC";"Contrôlée OK";"Zone 2 C05";
240;"0003565069";"79";"6";"DC9406480B";"3419669";;"Non contrôlée";"Zone 2 C08";
76;"0003578171";"94";"8";"481010789760";"3374094";"759330445050-859334910050";"HS";"Zone 2 C06";
313;"0003585919";"93";"8";"C00372753";"2449248";"24939050000 - 85952690097";"Neuve";"Zone 2 B01";"RSPD824JXEU"
475;"0003588279";"5";"6";"BN94-12431B";"3474311";;"Non contrôlée";"Zone 2 B02";"Prix conseillé aswo 247,32"
202;"0003593896";"80";"2";"00672372";"0743702";"NC";"Contrôlée OK";"Zone 2 C05";
94;"0003598951";"19";"3";"140056254018";"0502251";"91609747509-91609919800";"Neuve";"Zone 2 C06";"seche linge electrolux aeg"
125;"0003601737";"80";"43";"DQ11Y004HM";"3530322";;"Non contrôlée";"Zone 2 C02";
203;"0003608341";"79";"23";"C00519655";"3589607";"WINDY";"HS";"Zone 2 C07";"Rotation moteur"
204;"0003608656";"93";"27";"4825452";"0018365";"W802";"Non contrôlée";"Zone 2 C04";"El 201C"
118;"0003610314";"113";"46";"49027629";"0347866";"GC14101";"Contrôlée OK";"Zone 2 C02";
80;"0003612289";"94";"3";"8076952525";"4086593";"91609775502-91609859003";"Non contrôlée";"Zone 2 C06";"s'allume defaut ne s'allume pas probablement le selecteur (cherchez l'erreur ?) pas de selecteur;  EDH3787GSE"
474;"0003614027";"5";"6";"BN94-10711A";"4485284";;"Non contrôlée";"Zone 2 B02";"Prix conseillé aswo 276,32"
477;"0003621802";"111";"40";"34421055";"2061699";;"Non contrôlée";"Zone 2 B02";"Plus dispo chez aswo, équivalence."
243;"0003632145";"15";"18";"806890943";"4310364";;"Non contrôlée";"Zone 2 C08";
236;"0003632146";"15";"18";"806890943";"4310364";;"Non contrôlée";"Zone 2 C08";
205;"0003637370";"79";"8";"481010805206";"3374409";"DOMINO";"Non contrôlée";"Zone 2 C07";"Domino"
127;"0003641580";"103";"3";"1250125034";"0011805";"HPF";"Neuve";"Zone 2 C02";
232;"0003642192";"91";"3";"8078222315";"2153517";"EWT 1260ES";"Non contrôlée";"Zone 2 C08";"Rico l'a arrosé"
48;"0003646614";"93";"8";"C00505313";"3474662";"DEA701";"Neuve";"Zone 2 C03";
262;"0003649511";"93";"13";"AS0024148";"0427351";"DOP1140X";"HS";"Zone 2 A01";"Relais HS"
396;"0003668201";"91";"3";"140011633827";"3376358";"NC";"Non contrôlée";"Zone 2 D07";
330;"0003669712";"93";"6";"DC9406917A";"3457393";"WW4500K";"Non contrôlée";"Zone 2 B03";
91;"0003674345";"102";"2";"00611322";"0291164";"GV640";"Neuve";"Zone 2 C05";
386;"0003684290";"41";"8";"481010582139";"2451471";"NC";"Non contrôlée";"Zone 2 D03";"Prix conseillé aswo 175,36"
29;"0003689513";"94";"40";"34030168";"3424709";"NC";"Non contrôlée";"Zone 2 C03";
457;"0003697341";"93";"48";"LS28-12";"0424647";;"Non contrôlée";"Zone 2 C02";"Cave à vin peltier. Module + radiateur + condenseur dans même caisse."
57;"0003699718";"93";"3";"1328407182";"0474264";"FWH7145P";"Non contrôlée";"Zone 2 C01";
244;"0003701750";"112";"40";"34060039";"3317189";;"Non contrôlée";"Zone 2 C08";
56;"0003707821";"94";"42";"0071800038A";"3598774";"NC";"Non contrôlée";"Zone 2 C01";"cave à vin haier"
469;"0003710592";"5";"6";"BN94-14187D";"4717581";;"Non contrôlée";"Zone 2 B02";"Prix conseillé aswo 251,64"
119;"0003711791";"16";"6";"DG4700010A";"0367603";"OPTIFLEX";"Non contrôlée";"Zone 2 C02";
132;"0003713305";"51";"3";"2426484230";"0573773";"HPF";"Neuve";"Zone 2 C02";"fusible + sonde degivrage"
36;"0003715288";"93";"40";"34050016";"556593";"SIEDPAR";"Non contrôlée";"Zone 2 C03";
459;"0003716620";"123";"48";"LS28-1";"3428274";;"Non contrôlée";"Zone 2 C02";"Cave à vin peltier. Module + radiateur + condenseur dans même caisse."
235;"0003717390";"112";"40";"34060039";"3317189";;"Non contrôlée";"Zone 2 C08";
73;"0003719824";"93";"6";"DA92-00853Q";"3610143";"RR7000N";"Non contrôlée";"Zone 2 C01";"Congel samsung s'allume plus"
400;"0003723762";"73";"6";"DA62-04151B";"3480690";"NC";"Neuve";"Zone 2 D07";"Joint mousse évapo. Prix conseillé aswo 3,19"
206;"0003724328";"111";"23";"C00382304";"4280152";;"Contrôlée OK";"Zone 2 C07";"Ref A l'air neuve"
207;"0003731927";"79";"8";"C00505636";"3423427";"ATLANTIC";"HS";"Zone 2 C07";"Ne démarre pas, plante à 15min. Electronique OK mais soft planté"
69;"0003732607";"91";"8";"481010621590";"3312513";"NC";"Non contrôlée";"Zone 2 C01";
43;"0003732860";"93";"8";"481223678548";"0232827";"ARC4178";"HS";"Zone 2 C03";"Fonctionne mais relais vibre"
458;"0003733266";"122";"48";"LS28-21";"0700962";;"Non contrôlée";"Zone 2 C02";"Cave à vin peltier. Module + radiateur + condenseur dans même caisse."
55;"0003740325";"94";"43";"106030021";"3308158";"NC";"Non contrôlée";"Zone 2 C03";
208;"0003747784";"79";"2";"11024418";"3668586";"FOUR 3D";"Contrôlée OK";"Zone 2 C05";
209;"0003752096";"73";"2";"12005744";"2444022";"GV640";"Neuve";"Zone 2 C05";
63;"0003755800";"79";"42";"49112204";"4619841";"NC";"Non contrôlée";"Zone 2 C01";"Four rosieres"
210;"0003757334";"79";"8";"481010528357";"1799812";"ATLANTIC";"Non contrôlée";"Zone 2 C07";
247;"0003759126";"94";"13";"72X8268";"0262236";"SOP1501B";"Contrôlée OK";"Zone 2 A01";"Nappe légèrement coupée mais fonctionne"
454;"0003760348";"93";"8";"481011085521";"2259102";"AKZ";"HS";"Zone 2 D02";"Ne s'allume pas. Prix conseillé aswo 166,13"
211;"0003762505";"6";"27";"6127623";"0382734";"PW 5062";"Neuve";"Zone 2 C04";"Ref de remplacement : 11721600"
38;"0003771785";"94";"40";"3401063";"3771785";"TW814";"Non contrôlée";"Zone 2 C03";
404;"0003771797";"111";"40";"34010639";"3314626";"TW814";"Non contrôlée";"Zone 2 D07";
239;"0003772057";"89";"23";"094715";"0025168";;"Non contrôlée";"Zone 2 C08";
237;"0003774528";"112";"40";"34060039";"3317189";;"Non contrôlée";"Zone 2 C08";"Sonde HS"
234;"0003775107";"37";"3";"1320822313";"0145382";"AWF1225";"Neuve";"Zone 2 C08";
332;"0003783393";"93";"15";"34010713";"3382859";"THWD16107";"Non contrôlée";"Zone 2 B03";
129;"0003787277";"106";"4";"EAM60991309";"3457253";"F14952WHS";"Neuve";"Zone 2 C02";"sortie le 20/09/2025 dossier lachatere"
229;"0003790252";"38";"2";"10006917";"0265455";"NC";"Non contrôlée";"Zone 2 C08";
478;"0003806712";"16";"1";"5906950800";"3589939";;"Non contrôlée";"Zone 2 B02";"Prix conseillé aswo 39,91"
238;"0003809782";"112";"40";"34060039";"3317189";;"Non contrôlée";"Zone 2 C08";
212;"0003813849";"6";"2";"00631200";"2104350";"GV640";"Neuve";"Zone 2 C05";
213;"0003820722";"79";"23";"C00519655";"3589607";"WINDY";"Contrôlée OK";"Zone 2 C07";
142;"0003825079";"111";"6";"DC92-01783G";"4106034";"NC";"HS";"Zone 2 C08";
214;"0003830591";"91";"8";"481010438414";"0380180";;"Contrôlée OK";"Zone 2 C07";"F13 pas de vérouillage, module domino"
215;"0003835914";"79";"23";"C00382291";"3429163";;"Non contrôlée";"Zone 2 C07";"Réf"
216;"0003839049";"80";"2";"00656861";"0355736";"GV640";"Neuve";"Zone 2 C05";
289;"0003851731";"93";"46";"0061800067A";"0563767";"BH02H2E1Q00 - BH03D0E8G00";"Non contrôlée";"Zone 2 A02";"Modèle HRF"
250;"0003860009";"38";"13";"098.725";"0195811";"SOP";"HS";"Zone 2 A01";"Connecteur vers carte flashé"
217;"0003860841";"80";"8";"481011090221";"3588191";"Domino";"Non contrôlée";"Zone 2 C07";"Se met sur pause"
387;"0003861647";"11";"40";"34420038";"1098785";"NC";"Non contrôlée";"Zone 2 D03";
218;"0003862620";"79";"8";"C00519655";"3589607";"WIND";"Non contrôlée";"Zone 2 C07";"Puissance windy clé indesit"
219;"0003864963";"79";"34";"11018067";"3425607";"WM14N120";"HS";"Zone 2 C05";"Ne vérouille pas"
418;"0003871488";"94";"46";"41041466";"0399525";"NC";"Non contrôlée";"Zone 2 D07";
470;"0003872243";"5";"6";"BN94-15352T";"4798016";;"Non contrôlée";"Zone 2 B02";"Prix conseillé aswo 167,48"
220;"0003875927";"46";"11";"9590206";"0055523";"AGG600PI";"Neuve";"Zone 2 C04";"Kit sonde + connecteur"
270;"0003875937";"46";"11";"9590206";"0055523";"AGG600PI";"Neuve";"Zone 2 C04";"Kit sonde"
333;"0003882057";"111";"15";"34010639";"3314626";"TW814EU";"Non contrôlée";"Zone 2 B03";
89;"0003882695";"95";"42";"0017160";"0017160";"CH1264001";"Neuve";"Zone 2 C06";
323;"0003899076";"41";"4";"EAU61644301";"2221435";;"Neuve";"Zone 2 B01";"Moteur DC Clapet américain LG"
249;"0003901072";"93";"13";"AS0066732";"4105916";;"HS";"Zone 2 A01";"connecteur verrou hs sur carte"
233;"0003903290";"22";"8";"C00256973";"0366214";"NC";"Neuve";"Zone 2 C08";"Mlv durite pc resistance"
128;"0003903298";"105";"8";"C00480996";"3425313";;"Neuve";"Zone 2 C02";
143;"0003904362";"93";"6";"DA92600735L";"3161694";;"Non contrôlée";"Zone 2 C08";"Cgréf  Symptôme : pas d'alim compresseur"
222;"0003904427";"80";"23";"C00387328";"3457002";;"Non contrôlée";"Zone 2 C07";"Réf"
100;"0003910320";"41";"3";"8072524021";"0552139";"91609747509-91609824600";"Neuve";"Zone 2 C06";
104;"0003911417";"94";"2";"11002897";"0291536";"GV640";"Non contrôlée";"Zone 2 A05";"a l'air neuf sauf si stephane le defonce"
67;"0003919071";"93";"6";"DD92-00059C";"4239923";"NC";"Non contrôlée";"Zone 2 C01";
223;"0003924118";"91";"23";"C00306159";"2580586";"WIND";"Contrôlée OK";"Zone 2 C07";
258;"0003925858";"93";"13";"AS0043798";"3425754";"SOP4329XT1";"Contrôlée OK";"Zone 2 A01";"Ne chauffe plus suite reset elec, refonctionne 3 mois"
231;"0003945145";"103";"3";"1250125034";"0011805";"ZEPHIR";"Non contrôlée";"Zone 2 C08";"AZB"
87;"0003961875";"26";"2";"00656033";"0740889";"3SB088BP/01- WTYH8789SN/09";"Neuve";"Zone 2 C06";"Filtre à peluche"
224;"0003967208";"80";"27";"9462497";"4616975";"H6166E";"Neuve";"Zone 2 C04";"EPZ7660"
421;"0003967291";"93";"2";"11003025";"2110053";;"Non contrôlée";"Zone 2 D05";
292;"0004047951";"96";"6";"DC9201378A";"3433286";"WD80M4B53JW";"Non contrôlée";"Zone 2 A02";
430;"0005680683";"94";"3";"8076952525";"3428588";"NC";"Non contrôlée";"Zone 2 D05";
278;"0005717541";"16";"8";"481010754803";"3318914";"850526911000 - 850527011420";"Non contrôlée";"Zone 2 A01";
360;"0005746566";"91";"3";"140046374074";"3478913";"NC";"Non contrôlée";"Zone 2 D01";"Probablement OK TCV"
281;"0005747237";"91";"8";"481010782778";"3377171";"856010142050 - 859991548350";"Non contrôlée";"Zone 2 A01";
34;"0005751210";"11";"27";"10397276";"4617048";"G1244 - G6998";"Neuve";"Zone 2 C04";"Se monte sur les châssis de G1244 jusqu'à G6998"
285;"0005752986";"94";"1";"167100096";"4125243";"7738987658 - 7757188650";"Non contrôlée";"Zone 2 A01";
425;"0005762350";"93";"2";"00657048";"0480979";;"Non contrôlée";"Zone 2 D05";"Prix conseillé 158,30."
288;"0005774540";"80";"8";"481010759445";"3331353";"857500118050 - 859991548350";"Non contrôlée";"Zone 2 A02";
95;"0005785233";"38";"6";"DC3400026A";"1952700";"WD80J5430AWEF";"Non contrôlée";"Zone 2 C06";
461;"0005793953";"111";"6";"DC94-06788A";"3424802";;"Non contrôlée";"Zone 2 B03";"Prix conseillé aswo 146,04"
290;"0005798759";"93";"8";"C00519655";"3589607";"24886950639 - 61587760000";"Non contrôlée";"Zone 2 A02";"Module WINDY"
225;"0005804508";"11";"27";"10397276";"4617048";"G1244 - G6998";"Non contrôlée";"Zone 2 C04";"Se monte sur chassis G1244 jusqu'au G6998"
411;"0005818615";"99";"2";"00146123";"0613008";"NC";"Non contrôlée";"Zone 2 D02";"A nettoyer. Prix conseillé aswo 81,08"
442;"0005872094";"93";"8";"C00382304";"4280152";"NC";"Non contrôlée";"Zone 2 D08";"CGREF. Prix conseillé aswo 145,99"
284;"0005876797";"111";"1";"1739170411";"4136748";"7617851642";"Non contrôlée";"Zone 2 A01";
291;"0005901028";"93";"46";"49045938";"4106073";"BB0A10E1G00 - BJ0VW1E6500";"Non contrôlée";"Zone 2 A02";"Modèle HRD"
367;"0005904536";"92";"3";"8076952525";"3428588";"NC";"Non contrôlée";"Zone 2 D01";
403;"0005923614";"79";"8";"481010744400";"3330881";"NC";"Non contrôlée";"Zone 2 D07";"Prix onseillé aswo 204,20"
429;"0005926445";"111";"1";"1739180070";"3329097";;"Non contrôlée";"Zone 2 D05";"probleme lié a la data de la pompe bpm 2 carte en stoc alimente bien la pompe en 230v ac mais ne demarre pas car pas de gestion de la data sur les cartes voir dossier chat gpt"
324;"0005939143";"119";"1";"4640540100";"3589698";"7519710005";"Neuve";"Zone 2 B01";
447;"0005967923";"106";"8";"C00299613";"0573632";"NC";"Non contrôlée";"Zone 2 D08";"Prix conseillé aswo 119,29"
298;"0005967983";"93";"8";"C00299619";"2133301";"25824680000 - 769991631501";"Non contrôlée";"Zone 2 A02";
308;"0006029045";"103";"8";"480112101592";;"854020038020 - 85759886010";"Neuve";"Zone 2 A02";
441;"0006045588";"79";"3";"8091089485";"5052802";"NC";"Non contrôlée";"Zone 2 D08";"Prix aswo conseillé 133,56 mle"
328;"0006051867";"94";"6";"DC9406481A";"4529426";"WW5500K";"Non contrôlée";"Zone 2 B01";
309;"0006063254";"94";"2";"11037429";"5042727";"SE23EI60KT/01 - SN45ZW70CS/17";"Non contrôlée";"Zone 2 B01";
303;"0006080257";"66";"13";"79X8317";"0192164";"3CMI-4GLS20 - STG826BF12";"Non contrôlée";"Zone 2 A02";"Chaine d'interrupteur"
302;"0006085979";"20";"3";"4055129516";"4940145";"91310220200 - 91321750300";"Non contrôlée";"Zone 2 A02";
282;"0006111457";"111";"1";"1739170260";"4136740";"7607857342 - 7644657342";"Non contrôlée";"Zone 2 A01";
279;"0006113885";"111";"8";"481011090224";"4427485";"759991531702 - 759991637394";"Non contrôlée";"Zone 2 A01";"Déjà programmée"
437;"0006129781";"93";"2";"11029061";"4106184";"NC";"Non contrôlée";"Zone 2 D08";"Prix conseillé aswo 160,78"
434;"0006130501";"93";"8";"C00384515";"2168172";"NC";"Non contrôlée";"Zone 2 D08";"Prix conseillé aswo 217,02"
444;"0006132289";"120";"2";"11033538";"4839189";"NC";"Neuve";"Zone 2 D08";
306;"0006143362";"29";"4";"EAU3503706";"4838937";;"Non contrôlée";"Zone 2 A02";
449;"0006147110";"3";"27";"09976604";"2258878";"NC";"Neuve";"Zone 2 D08";"Débimètre e-dose. Prix conseillé aswo 156,14"
433;"0006151694";"79";"2";"11029061";"4106184NC";"NC";"Non contrôlée";"Zone 2 D08";"Prix conseillé aswo 160,78"
287;"0006152492";"80";"2";"11017585";"3307511";"B15CRN0/35 - C25CR22N0/43";"Non contrôlée";"Zone 2 A02";
283;"0006154215";"117";"27";"10781471";"4579156";"WCD660-WWV980";"Non contrôlée";"Zone 2 A01";
280;"0006159640";"95";"6";"DE9600994A";"0514732";"NV75K5571RS";"Non contrôlée";"Zone 2 A01";"Four/cuisinière. Selecteur de programme côté gauche"
435;"0006220005";"93";"8";"C00500160";"3586051";"NC";"Non contrôlée";"Zone 2 D08";"DEA701. Prix conseillé aswo 213,40"
79;"0012200";"93";"3";"1526437205";"0012200";"91188806500-91188806901";"Non contrôlée";"Zone 2 C06";"ASF2643A"
108;"0015556";"14";"46";"41020672";"0015556";"TRI4V";"Neuve";"Zone 2 C02";
96;"0016882";"73";"23";"C00081579";"0016882";"03254950000-79300710000";"Neuve";"Zone 2 C06";
226;"0019222";"79";"8";"481221478843";"0019222";"DOLPHIN";"Non contrôlée";"Zone 2 C07";
140;"0019538";"57";"8";"481240448746";"1145046";"ADP9626";"Neuve";"Zone 2 C02";
327;"00209974470013";"93";"6";"DC9407385A";;"WW5000J";"Non contrôlée";"Zone 2 B01";
58;"0021356";"93";"23";"4603106884";"0021356";"TS400";"Non contrôlée";"Zone 2 C01";
241;"0021605";"112";"13";"57X0058";"0021605";"ETE";"Non contrôlée";"Zone 2 C08";
117;"0021664";"103";"8";"481235818055";"0021664";"AWZ";"Neuve";"Zone 2 C02";
227;"0021686";"25";"2";"298594";"0021686";"GV640";"Neuve";"Zone 2 C05";
120;"0021710";"46";"8";"481228268051";"0021710";"ATLANTIC";"Non contrôlée";"Zone 2 C02";
228;"0021808";"98";"2";"174730";"0021808";"SGS";"Neuve";"Zone 2 C05";
390;"0021823";"11";"27";"4998107";;"G668SC";"HS";"Zone 2 D03";
116;"0021882";"38";"8";"00225146";"0021882";"AWM209";"Non contrôlée";"Zone 2 C02";"2 pieces identiques dans même sachet"
84;"0022042";"6";"8";"481246018474";"0022042";"856100429480-858495629010";"Contrôlée OK";"Zone 2 C06";"pompe + corps ok"
245;"0022122";"89";"8";"481225928703";"1036971";"AWA903";"Neuve";"Zone 2 C08";
319;"0024349";"57";"8";"C0090360";"1093274";"55219100000 - 55277970100";"Neuve";"Zone 2 B01";"Réf pièce entrée dans la base est la réf de remplacement. Réf des pièces dans le stock C00138945"
362;"0026755";"94";"2";"00267551";"NC";"NC";"Non contrôlée";"Zone 2 D02";"Potentiellement défectueux"
171;"0031543";"101";"2";"183955";"0031543";"GV640";"Neuve";"Zone 2 C05";"Roulette inférieure"
122;"0047800";"46";"23";"C00098739";"0047800";"AMD145";"Neuve";"Zone 2 C02";
172;"0048230";"11";"2";"267741";"0048230";"SGS";"Neuve";"Zone 2 C05";"Pompe de cyclage sgs ancien"
93;"0059771";"72";"8";"481246668837";"1105493";"851385101080-857599972551";"Neuve";"Zone 2 C06";"feutre arriere"
138;"0061147";"114";"2";"00611473";"0275986";"GV640";"Neuve";"Zone 2 C02";"SMS"
173;"0061639";"53";"2";"00616395";;"GV640";"Neuve";"Zone 2 C05";
174;"0063119";"8";"2";"00631199";"2104349";"GV640";"Neuve";"Zone 2 C05";"Vanne d'évacuation plus en stoc en commande"
175;"0064499";"23";"2";"00644996";"0284195";"GV640";"Neuve";"Zone 2 C05";
363;"0070142";"93";"2";"00701425";"NC";"NC";"Non contrôlée";"Zone 2 D02";
176;"0073434";"51";"11";"01936130005";"1325370";"NC";"Neuve";"Zone 2 C04";"Kit limiteur température (froid)"
86;"0080180";"12";"3";"50277796004";"0080180";"91101600500-91197602100";"Neuve";"Zone 2 C06";
177;"0082683";"73";"2";"491638";"0082683";"HBT554";"Non contrôlée";"Zone 2 C05";"Jonction du joint détaché"
121;"0138657";"46";"42";"49005297";"1136788";;"Neuve";"Zone 2 C02";"Lave linge sechant Hoover"
178;"0157665";"96";"8";"481221479871";"0157655";"DREAM SPACE";"Non contrôlée";"Zone 2 C07";"Platine cum. A l'air neuve"
399;"0182275";"22";"13";"32X3307";"4239143";"NC";"Neuve";"Zone 2 D07";"Durite pc/corps pompe. Prix conseillé aswo 25,97"
251;"0185202";"93";"13";"57X2562";"0185202";"ETE";"Non contrôlée";"Zone 2 A01";"Symtpôme :  ne chauffe plus le linge"
54;"0205253";"94";"13";"72X5995";"1430597";"8FP610WF1";"Non contrôlée";"Zone 2 C03";"Neuve"
179;"0214807";"100";"2";"1203444";"0214807";;"Neuve";"Zone 2 C05";"Lave linge omega"
257;"0216411";"94";"13";"72X4474";"0216411";"DCV768X";"Non contrôlée";"Zone 2 A01";
462;"0217024";"83";"3";"8996600143284";"3355661";;"Neuve";"Zone 2 B03";"N'est plus dispo sur aswo"
180;"0223469";"23";"8";"481228128469";"0223469";"DOLPHIN";"Contrôlée OK";"Zone 2 C07";"Mlv A l'air neuve"
68;"0238264";"93";"23";"4903032084";"0238264";"AVXXF137FREVOII";"Contrôlée OK";"Zone 2 C01";"carte + eprom"
37;"0248136";"93";"13";"72X7234";"0248136";"SFP";"HS";"Zone 2 C03";"Relais HS"
59;"0248323";"93";"23";"C00258772";"0248323";"Froid";"Non contrôlée";"Zone 2 C01";
301;"0255945";"118";"43";"251505";;;"Non contrôlée";"Zone 2 A02";"Voyant vert : quantité 2"
389;"0266788";"11";"27";"10116771";"0266788";"NC";"Neuve";"Zone 2 D03";
370;"0272972";"106";"2";"00498391";"0272972";"EPK56074";"Neuve";"Zone 2 D02";"Prix conseillé aswo 106,16"
252;"0282587";"94";"13";"32X4154";"1371290";"HERACLES";"HS";"Zone 2 A01";"DFH825C"
260;"0301301";"93";"13";"32X4209";"0301301";"HERAKLES";"Non contrôlée";"Zone 2 A01";
277;"0302666";"93";"3";"973911925346018";"0302666";"91192534601";"Non contrôlée";"Zone 2 C06";"mlv"
181;"0308926";"79";"2";"00656659";"0308926";"NC";"Contrôlée OK";"Zone 2 C05";"Vérifié Stéphane"
276;"031";"12";"13";"DE94-02317E";;"MG23F301EFSEF";"Non contrôlée";"Zone 2 C06";"Micro-onde"
182;"0316287";"57";"2";"623536";"0316287";"GV640";"Neuve";"Zone 2 C05";
440;"0365105";"112";"27";"7095282";"60735565";"NC";"Non contrôlée";"Zone 2 D08";
183;"0370161";"79";"27";"07851882";"9172854";"W5722";"Non contrôlée";"Zone 2 C04";
184;"0375663";"38";"2";"00652510";"0375623";"GV640";"Neuve";"Zone 2 C05";"Sécurité enfant lave vaisselle"
310;"0380180";"91";"8";"481010438414";"1364464";"759322184015 - 859399929035";"Non contrôlée";"Zone 2 B01";
130;"0392388";"9";"8";"481010646762";"1382853";"Atantic";"Neuve";"Zone 2 C02";"Ils pot à sel"
256;"0427351";"93";"13";"AS0024148";"1430798";"DOP1140X";"Non contrôlée";"Zone 2 A01";
384;"0432194";"46";"3";"4055108395";"NC";"NC";"Non contrôlée";"Zone 2 D01";
254;"0432496";"93";"13";"AS6009297";"0432496";"HERAKLES";"HS";"Zone 2 A01";
185;"0470036";"79";"2";"00656768";"0470036";"HB";"Contrôlée OK";"Zone 2 C05";"Vérifié Stéphane OK Pas module de puissance mais module réseau four bosch"
123;"0476027";"16";"8";"482000020559";"0476027";"AKZ";"Neuve";"Zone 2 C02";
383;"0476490";"46";"3";"50298477006";"0476490";"NC";"Non contrôlée";"Zone 2 D01";
356;"0492632";"79";"3";"973914533156001";"252526";;"Non contrôlée";"Zone 2 D01";
126;"0492883";"51";"6";"DA4700138F";"0492883";"RTRB";"Neuve";"Zone 2 C02";
395;"0493729";"93";"3";"132760201/5";"NC";"NC";"Non contrôlée";"Zone 2 D07";
381;"0494373";"94";"3";"4055143137";"0494373";"NC";"Non contrôlée";"Zone 2 D01";
431;"0496168";"93";"6";"DA92-00405A";"8392417888";;"Non contrôlée";"Zone 2 D05";
105;"0499028";"94";"2";"00740282";"0252099";"GSN";"Non contrôlée";"Zone 2 A05";"Bandeau + carte commande cgref"
186;"0499601";"95";"2";"00616645";"0499601";"HB";"Contrôlée OK";"Zone 2 C05";
347;"0510162203690";"79";"3";"809108909";;"NC";"Non contrôlée";"Zone 2 D01";
481;"0517086";"81";"2";"00754869";;;"Neuve";"Zone 2 B02";"Kit ressorts + Cable de porte (X2). Prix conseillé aswo 24,54"
382;"0539641";"93";"3";"50298558003";"0539641";"NC";"Non contrôlée";"Zone 2 D01";
432;"0563767";"93";"44";"DA92-00405A";"1470932";"NC";"Non contrôlée";"Zone 2 D05";"Prix conseillé aswo 193,32"
187;"0572181";"96";"2";"00751767";"0572181";"KGN";"Contrôlée OK";"Zone 2 C05";"CG Réf module inverter embraco"
99;"059.517";"6";"20";"1110984109";"059.517";"91137101200-91137217500";"Non contrôlée";"Zone 2 C06";
188;"0602110";"80";"11";"6124006";"0602110";"GKV36020C/093";"Non contrôlée";"Zone 2 C04";
354;"0818295";"91";"3";"1360064222";;"NC";"Non contrôlée";"Zone 2 D01";
189;"09121501302600162350816";"93";"8";;;"WIND";"1";"Zone 2 C01";"Module de puissance wind"
359;"0933436";"29";"3";"3578844015";"259999";"NC";"Non contrôlée";"Zone 2 D01";
265;"098739";"46";"23";"C00098739";"0047800";"AMD 145";"Neuve";"Zone 2 C02";
49;"10021501354000172220521";"93";"8";"C00505636";"3423427";"DEA701";"Non contrôlée";"Zone 2 C01";
41;"1113310526";"91";"3";"1113310526";"001.552";"001.552";"Non contrôlée";"Zone 2 C03";
109;"118.677";"91";"3";"1366100301";"118.677";"916096918";"Non contrôlée";"Zone 2 C02";"fonctionne mais s'arrete en cours de cycle code panne F? = defaut de puissance"
369;"1202165";"96";"2";"12021657";"443312";"E606YBH20BPC";"Contrôlée OK";"Zone 2 D02";"Micro onde. Prix conseillé aswo 176,32"
111;"150.884";"29";"2";"12004793";"150.884";"HBG672BS1F/40";"Non contrôlée";"Zone 2 C02";
349;"15011601419";"79";"3";"807010439";;"NC";"Non contrôlée";"Zone 2 D01";
110;"173.986";"79";"2";"11029067";"173.986";"HBG672BS1F/40";"Non contrôlée";"Zone 2 C02";"ne chauffe pas assez"
415;"1944106";"6";"6";"DC31-00030H";"8380210836";"NC";"Neuve";"Zone 2 D07";"Pompe askoll. Prix conseillé 63,28"
190;"1952052";"11";"2";"267741";;"SGS";"Neuve";"Zone 2 C05";
271;"201116949192";"11";"27";"10397276";"4617048";"G1244 - G6998";"Non contrôlée";"Zone 2 C04";"Se monte sur chassis G1244 jusqu'au G6998"
273;"201117364421";"11";"27";"10397276";"4617048";"G1244 - G6998";"Non contrôlée";"Zone 2 C04";"Se monte sur chassis G1244 jusqu'au G6998.  Symptôme F78"
272;"201118421076";"11";"27";"10397276";"4617048";"G1244 - G6998";"Non contrôlée";"Zone 2 C04";"Se monte sur chassis G1244 jusqu'au G6998"
40;"2039068";"93";"3";"3878402035";"2039068";"AEG";"Non contrôlée";"Zone 2 C03";
364;"2103888";"90";"2";"00628444";"115813047";"NC";"Non contrôlée";"Zone 2 D02";"Prix conseillé aswm 103,99"
75;"2153517";"91";"3";"8078222315";"2153517";"91310230501-91312932505";"Non contrôlée";"Zone 2 C06";"Affiche E1"
191;"2168172";"79";"23";"C00305531";"2168172";"ARCADIA";"Neuve";"Zone 2 C07";
424;"2258151";"6";"27";"9193611";"81960162";;"Non contrôlée";"Zone 2 D05";
410;"2288991";"111";"13";"AS0033568";"3778908";"NC";"Neuve";"Zone 2 D07";
351;"2303201602969";"93";"3";"916097755";;"NC";"Non contrôlée";"Zone 2 D01";
131;"2426484230";"51";"3";"2426484230";"0573773";"HPF";"Non contrôlée";"Zone 2 C02";"Cgref  Fusible + sonde"
33;"2449248";"93";"23";"01997560011";"1471332";"ACCU93F29FR";"Non contrôlée";"Zone 2 C03";
446;"3046920047302";"79";"8";"461975308086";"1364464";"NC";"Non contrôlée";"Zone 2 D08";"EV1180. Prix conseillé aswo 204,20"
407;"3144452";"111";"40";"34421089";"5529301";;"Non contrôlée";"Zone 2 D07";"PCB Carte de puissance + carte de commande"
423;"3211037";"93";"6";"DA97-12850R";"8404341749";;"Non contrôlée";"Zone 2 D05";"Prix conseillé ASWO 124,64"
242;"3251430506168";"112";"13";"57X0059";"281658";"ETE";"Non contrôlée";"Zone 2 C08";
419;"3251431314076";"93";"13";"AS0067473";"980.526";;"Non contrôlée";"Zone 2 D07";"Chauffe trop. Relais collé. Four sauter SFP930XL"
192;"325712";"79";"11";"6113998";"3588749";"GKN23021D/093";"Non contrôlée";"Zone 2 C04";"Réf ou congel"
275;"327327";"111";"11";"6115972-01/024";;"CNEL321";"Non contrôlée";"Zone 2 C04";
248;"3307986";"94";"10";"AS0037787";"3307986";"DTI1358DG";"Non contrôlée";"Zone 2 A01";
246;"3312235";"80";"8";"481010672532";"1470969";"FSCR80421";"Non contrôlée";"Zone 2 C07";"Gamme Omnia"
101;"3331353";"94";"8";"481010759445";"3331353";"HSCX";"Non contrôlée";"Zone 2 C07";"Seche linge"
338;"3375688";"93";"3";"973914912110009";"3198363";;"Non contrôlée";"Zone 2 D01";
321;"3420822";"93";"6";"DA9200756K";"3420822";"RT5000K";"Non contrôlée";"Zone 2 B01";
74;"3423427";"93";"8";"C00505636";"3423427";"36827701400-769991563860";"Contrôlée OK";"Zone 2 C06";"OK mais pas de depart diff"
339;"3423979";"79";"3";"973913105704008";"252526";;"Non contrôlée";"Zone 2 D01";
420;"3425743";"93";"4";"EBR78533711";"17030431";;"Non contrôlée";"Zone 2 D05";
141;"3429086";"73";"40";"34421602";"3429086";"10C49A";"Neuve";"Zone 2 C02";"Mlv"
194;"3465810930539";"98";"2";"174730";"0021808";"SGS";"Neuve";"Zone 2 C05";
320;"3465810932748";"57";"8";"C00090360";"1093274";"5519100000 - 55277970100";"Non contrôlée";"Zone 2 B01";"Réf pièce entrée dans la base est la réf de remplacement. Réf des pièces dans le stock C00138945"
139;"3465811456144";"81";"8";"481240118707";"1145614";"Atlantic";"Non contrôlée";"Zone 2 C02";
97;"3465811844743";"93";"42";"41014754";"1184474";"31000893-310001013";"Non contrôlée";"Zone 2 C06";
439;"3465811979919";"93";"8";"C00254535";"1197991";"NC";"Non contrôlée";"Zone 2 D08";"Condensateur C20 HS. Prix conseillé aswo 185,48"
124;"3465813644648";"91";"8";"481010438414";"1364464";"DOMINO";"HS";"Zone 2 C02";"pas d'alim moteur"
261;"3465814306019";"93";"13";"AS0023531";"1430601";"HERAKLES";"Non contrôlée";"Zone 2 A01";
391;"3465814307351";"79";"23";"8055005962442";"1430735";"NC";"Contrôlée OK";"Zone 2 D07";"Four Merlo double cavité ok. Prix conseillé aswo 180,55"
195;"3465814716825";"79";"8";"481011085521";"2259102";"AKZ";"HS";"Zone 2 C07";"Microcontroleur flashé"
417;"3465814718614";"79";"46";"49032972";"1471861";"NC";"Non contrôlée";"Zone 2 D07";"Lave-linge top. Affiche E07 aléatoire"
346;"3465814720075";"91";"3";"8078222315";"1472007";;"Non contrôlée";"Zone 2 D01";
255;"3513745";"93";"13";"AS0062566";"4380936";"SOP5762X";"Non contrôlée";"Zone 2 A01";
300;"4055070744";"20";"3";"4055070744";;"91310220100 - 91321756000";"Non contrôlée";"Zone 2 A02";"Utilisée. A contrôler"
92;"421228";"6";"4";"5859EN1006M";;;"Neuve";"Zone 2 C06";
50;"424538";"93";"3";"140028861";;"OVC5000";"Non contrôlée";"Zone 2 C03";
72;"427007";"94";"8";"C00634005";;"NC";"Non contrôlée";"Zone 2 C01";
443;"429380";"93";"33";"#G466985";;"NC";"Non contrôlée";"Zone 2 D08";"Prix conseillé aswo 41,68"
107;"431882";"111";"45";"308080411";;"GRUPPO313006";"Non contrôlée";"Zone 2 C06";"Hôte : 2 pieces 1 defectueuse commande rangée avec"
106;"433594";"46";"33";;;"NC";"Non contrôlée";"Zone 2 A06";
102;"437603";"26";"6";"DE96-00822A";;"SN-ESMA";"Non contrôlée";"Zone 2 C06";"Carte filtre"
307;"462641";"46";"33";"K1607745";;;"Non contrôlée";"Zone 2 A02";"Sonde partie réf"
299;"474091";"20";"3";"4071430963";;"91320721101 - 91321561100";"Non contrôlée";"Zone 2 A02";
305;"474406";"93";"41";"DQ11Y-005-HM";;"CVD102DZ";"Non contrôlée";"Zone 2 A02";"Cave La sommelière"
295;"475229";"80";"2";"11039384";"475229";"KI1812SF0/01 - KI18SF0G/02";"Non contrôlée";"Zone 2 A02";
304;"478916";"111";"18";"816292759";;;"Contrôlée OK";"Zone 2 A02";"Manque un segment mais ok"
47;"48122147933";"93";"8";"3928306262";"0205587";"AW8000";"HS";"Zone 2 C03";"HS F08"
294;"484369%3875729133";"80";"3";"387572913/3";"484369";"94973872600 - 94973875400";"Contrôlée OK";"Zone 2 A02";"Fonctionne mais un segment est flou"
379;"48976";"94";"2";"489765";"NC";"NC";"Non contrôlée";"Zone 2 D02";"Ne pas jeter Stéphane"
137;"4901ER2003A";"21";"4";"4901ER2003A";"0344668";"F14";"Neuve";"Zone 2 C02";
82;"4902951";"79";"42";"49029516";;"33700956-33700959";"Non contrôlée";"Zone 2 C06";
296;"5020852531";"93";"4";"EBR83736026";;;"Neuve";"Zone 2 A02";
448;"506487986000000100000001";"121";"47";"23567866";"NC";"NC";"Neuve";"Zone 2 D08";"Prix conseillé aswo 164,62"
450;"506768660400000200000001";"20";"8";"C00314732";;;"Neuve";"Zone 2 D08";"Prix conseillé aswo 10,51"
451;"506768660400000300000001";"20";"8";"C00315000";;;"Neuve";"Zone 2 D08";"Prix conseillé aswo 22,18"
398;"506777137800000400000001";"26";"27";"5682871";"NC";"NC";"Contrôlée OK";"Zone 2 D07";"Filtre banane, ok à nettoyer"
397;"506777137800000400000002";"26";"27";"5682871";"NC";"NC";"Contrôlée OK";"Zone 2 D07";"Filtre banane, ok à nettoyer"
463;"506802768602000300000001";"93";"13";"AS0022596";;;"Neuve";"Zone 2 B03";"Prix conseillé aswo 139,81"
53;"542114805822";"93";"3";"132761512";;"NC";"Non contrôlée";"Zone 2 C03";"Auto off ou carte d'affichage ?"
274;"611597201";"111";"11";"6115972-01/024";;"CNEL321";"Non contrôlée";"Zone 2 C04";
146;"623123403831";"109";"3";"132787300";;;"Non contrôlée";"Zone 2 C08";
350;"636121303591";"79";"3";"913217028";;;"Non contrôlée";"Zone 2 D01";
393;"8015250393712";"94";"8";"481010669406";"NC";"NC";"Non contrôlée";"Zone 2 D07";"Prix conseillé aswo 152,75"
453;"8015250739923";"94";"8";"C00525308";;;"Non contrôlée";"Zone 2 D02";"TCI SMC604FNE s'éteint pendant la cuisson. Module de puissance droit + clavier dans même caisse. Prix conseillé aswo 191,22"
452;"8015250859836";"93";"8";"C00505841";;"NC";"Non contrôlée";"Zone 2 D02";"TCI SMC604FNE s'éteint pendant la cuisson. Module de puissance droit + clavier dans même caisse. Prix conseillé aswo 198,30"
60;"8015250916768";"93";"8";"C00629611";"979.928";"NC";"Non contrôlée";"Zone 2 C01";
317;"8055005565469";"28";"8";"C00256546";"0355527";"3659015000 - 769991644450";"HS";"Zone 2 B01";
297;"8055005925225";"111";"8";"C00292522";"023.155";"34938940100 - 81883049087";"Non contrôlée";"Zone 2 A02";
409;"8058331024891";"12";"8";"C00302489";"0302489";"NC";"Neuve";"Zone 2 D07";"Bloc de chauffe + joint. Prix conseillé aswo 63,55"
51;"8058331822916";"93";"8";"C00382291";"3429163";"NC";"Non contrôlée";"Zone 2 C03";"Cgref indesit"
78;"857500118050";"94";"8";;;;"Non contrôlée";"Zone 2 A06";
358;"973914533156001";"79";"3";"973911539073008";;;"Non contrôlée";"Zone 2 D01";"2 cartes dans le carton"
412;"9782100794355";"79";"3";"97391311632001";"NC";"EWX136";"Non contrôlée";"Zone 2 D07";"Défaut relais moteur en mémoire suite débordement lessive"
361;"A00040633A";"91";"3";"140000406334";"259999";"NC";"Non contrôlée";"Zone 2 D01";"NEUVE, pièce démontée dans le carton"
149;"ààà""-&à""&'";"83";"3";;;"GV640";;"Zone 2 A05";"Interrupteur impulsion"
61;"C00505636";"93";"23";"C00505636";"3423427";"DEA701";"Non contrôlée";"Zone 2 C01";
378;"DC92-01783G";"93";"6";"DC92-01783G";"NC";"NC";"Non contrôlée";"Zone 2 D02";"Prix conseillé aswo 160,15"
268;"G2581752 01";"94";"4";"EBR32302002";"5166852";"F14";"Non contrôlée";"Zone 2 C02";
112;"HC 123";"83";"6";"DG9402595A";"4616337";;"Non contrôlée";"Zone 2 C02";
